{
  "ABIRoot": {
    "kind": "Root",
    "name": "NotificationSdk",
    "printedName": "NotificationSdk",
    "children": [
      {
        "kind": "Import",
        "name": "UIKit",
        "printedName": "UIKit",
        "declKind": "Import",
        "moduleName": "NotificationSdk",
        "declAttributes": [
          "RawDocComment"
        ]
      },
      {
        "kind": "Import",
        "name": "Foundation",
        "printedName": "Foundation",
        "declKind": "Import",
        "moduleName": "NotificationSdk"
      },
      {
        "kind": "TypeDecl",
        "name": "ApiManager",
        "printedName": "ApiManager",
        "children": [
          {
            "kind": "Var",
            "name": "baseUrl",
            "printedName": "baseUrl",
            "children": [
              {
                "kind": "TypeNominal",
                "name": "String",
                "printedName": "Swift.String",
                "usr": "s:SS"
              }
            ],
            "declKind": "Var",
            "usr": "s:15NotificationSdk10ApiManagerC7baseUrlSSvp",
            "mangledName": "$s15NotificationSdk10ApiManagerC7baseUrlSSvp",
            "moduleName": "NotificationSdk",
            "declAttributes": [
              "HasInitialValue",
              "Final",
              "HasStorage"
            ],
            "fixedbinaryorder": 0,
            "isLet": true,
            "hasStorage": true,
            "accessors": [
              {
                "kind": "Accessor",
                "name": "Get",
                "printedName": "Get()",
                "children": [
                  {
                    "kind": "TypeNominal",
                    "name": "String",
                    "printedName": "Swift.String",
                    "usr": "s:SS"
                  }
                ],
                "declKind": "Accessor",
                "usr": "s:15NotificationSdk10ApiManagerC7baseUrlSSvg",
                "mangledName": "$s15NotificationSdk10ApiManagerC7baseUrlSSvg",
                "moduleName": "NotificationSdk",
                "implicit": true,
                "declAttributes": [
                  "Transparent",
                  "Final"
                ],
                "accessorKind": "get"
              }
            ]
          },
          {
            "kind": "Var",
            "name": "customerStoreUpdate",
            "printedName": "customerStoreUpdate",
            "children": [
              {
                "kind": "TypeNominal",
                "name": "String",
                "printedName": "Swift.String",
                "usr": "s:SS"
              }
            ],
            "declKind": "Var",
            "usr": "s:15NotificationSdk10ApiManagerC19customerStoreUpdateSSvp",
            "mangledName": "$s15NotificationSdk10ApiManagerC19customerStoreUpdateSSvp",
            "moduleName": "NotificationSdk",
            "declAttributes": [
              "HasInitialValue",
              "Final",
              "HasStorage"
            ],
            "fixedbinaryorder": 1,
            "isLet": true,
            "hasStorage": true,
            "accessors": [
              {
                "kind": "Accessor",
                "name": "Get",
                "printedName": "Get()",
                "children": [
                  {
                    "kind": "TypeNominal",
                    "name": "String",
                    "printedName": "Swift.String",
                    "usr": "s:SS"
                  }
                ],
                "declKind": "Accessor",
                "usr": "s:15NotificationSdk10ApiManagerC19customerStoreUpdateSSvg",
                "mangledName": "$s15NotificationSdk10ApiManagerC19customerStoreUpdateSSvg",
                "moduleName": "NotificationSdk",
                "implicit": true,
                "declAttributes": [
                  "Transparent",
                  "Final"
                ],
                "accessorKind": "get"
              }
            ]
          },
          {
            "kind": "Var",
            "name": "queueNotificationStore",
            "printedName": "queueNotificationStore",
            "children": [
              {
                "kind": "TypeNominal",
                "name": "String",
                "printedName": "Swift.String",
                "usr": "s:SS"
              }
            ],
            "declKind": "Var",
            "usr": "s:15NotificationSdk10ApiManagerC05queueA5StoreSSvp",
            "mangledName": "$s15NotificationSdk10ApiManagerC05queueA5StoreSSvp",
            "moduleName": "NotificationSdk",
            "declAttributes": [
              "HasInitialValue",
              "Final",
              "HasStorage"
            ],
            "fixedbinaryorder": 2,
            "isLet": true,
            "hasStorage": true,
            "accessors": [
              {
                "kind": "Accessor",
                "name": "Get",
                "printedName": "Get()",
                "children": [
                  {
                    "kind": "TypeNominal",
                    "name": "String",
                    "printedName": "Swift.String",
                    "usr": "s:SS"
                  }
                ],
                "declKind": "Accessor",
                "usr": "s:15NotificationSdk10ApiManagerC05queueA5StoreSSvg",
                "mangledName": "$s15NotificationSdk10ApiManagerC05queueA5StoreSSvg",
                "moduleName": "NotificationSdk",
                "implicit": true,
                "declAttributes": [
                  "Transparent",
                  "Final"
                ],
                "accessorKind": "get"
              }
            ]
          },
          {
            "kind": "Var",
            "name": "notificationReceived",
            "printedName": "notificationReceived",
            "children": [
              {
                "kind": "TypeNominal",
                "name": "String",
                "printedName": "Swift.String",
                "usr": "s:SS"
              }
            ],
            "declKind": "Var",
            "usr": "s:15NotificationSdk10ApiManagerC20notificationReceivedSSvp",
            "mangledName": "$s15NotificationSdk10ApiManagerC20notificationReceivedSSvp",
            "moduleName": "NotificationSdk",
            "declAttributes": [
              "HasInitialValue",
              "Final",
              "HasStorage"
            ],
            "fixedbinaryorder": 3,
            "isLet": true,
            "hasStorage": true,
            "accessors": [
              {
                "kind": "Accessor",
                "name": "Get",
                "printedName": "Get()",
                "children": [
                  {
                    "kind": "TypeNominal",
                    "name": "String",
                    "printedName": "Swift.String",
                    "usr": "s:SS"
                  }
                ],
                "declKind": "Accessor",
                "usr": "s:15NotificationSdk10ApiManagerC20notificationReceivedSSvg",
                "mangledName": "$s15NotificationSdk10ApiManagerC20notificationReceivedSSvg",
                "moduleName": "NotificationSdk",
                "implicit": true,
                "declAttributes": [
                  "Transparent",
                  "Final"
                ],
                "accessorKind": "get"
              }
            ]
          },
          {
            "kind": "Function",
            "name": "postRequest",
            "printedName": "postRequest(url:params:header:)",
            "children": [
              {
                "kind": "TypeNominal",
                "name": "Tuple",
                "printedName": "(Foundation.Data?, Swift.String)",
                "children": [
                  {
                    "kind": "TypeNominal",
                    "name": "Optional",
                    "printedName": "Foundation.Data?",
                    "children": [
                      {
                        "kind": "TypeNominal",
                        "name": "Data",
                        "printedName": "Foundation.Data",
                        "usr": "s:10Foundation4DataV"
                      }
                    ],
                    "usr": "s:Sq"
                  },
                  {
                    "kind": "TypeNominal",
                    "name": "String",
                    "printedName": "Swift.String",
                    "usr": "s:SS"
                  }
                ]
              },
              {
                "kind": "TypeNominal",
                "name": "String",
                "printedName": "Swift.String",
                "usr": "s:SS"
              },
              {
                "kind": "TypeNominal",
                "name": "Dictionary",
                "printedName": "[Swift.String : Any]",
                "children": [
                  {
                    "kind": "TypeNominal",
                    "name": "String",
                    "printedName": "Swift.String",
                    "usr": "s:SS"
                  },
                  {
                    "kind": "TypeNominal",
                    "name": "ProtocolComposition",
                    "printedName": "Any"
                  }
                ],
                "usr": "s:SD"
              },
              {
                "kind": "TypeNominal",
                "name": "Optional",
                "printedName": "Swift.String?",
                "children": [
                  {
                    "kind": "TypeNominal",
                    "name": "String",
                    "printedName": "Swift.String",
                    "usr": "s:SS"
                  }
                ],
                "usr": "s:Sq"
              }
            ],
            "declKind": "Func",
            "usr": "s:15NotificationSdk10ApiManagerC11postRequest3url6params6header10Foundation4DataVSg_SStSS_SDySSypGSSSgtYaKF",
            "mangledName": "$s15NotificationSdk10ApiManagerC11postRequest3url6params6header10Foundation4DataVSg_SStSS_SDySSypGSSSgtYaKF",
            "moduleName": "NotificationSdk",
            "isOpen": true,
            "throwing": true,
            "funcSelfKind": "NonMutating"
          },
          {
            "kind": "Function",
            "name": "printRequestAndResponse",
            "printedName": "printRequestAndResponse(url:request:data:)",
            "children": [
              {
                "kind": "TypeNominal",
                "name": "Void",
                "printedName": "()"
              },
              {
                "kind": "TypeNominal",
                "name": "Optional",
                "printedName": "Foundation.URL?",
                "children": [
                  {
                    "kind": "TypeNominal",
                    "name": "URL",
                    "printedName": "Foundation.URL",
                    "usr": "s:10Foundation3URLV"
                  }
                ],
                "usr": "s:Sq"
              },
              {
                "kind": "TypeNominal",
                "name": "URLRequest",
                "printedName": "Foundation.URLRequest",
                "usr": "s:10Foundation10URLRequestV"
              },
              {
                "kind": "TypeNominal",
                "name": "Data",
                "printedName": "Foundation.Data",
                "usr": "s:10Foundation4DataV"
              }
            ],
            "declKind": "Func",
            "usr": "s:15NotificationSdk10ApiManagerC23printRequestAndResponse3url7request4datay10Foundation3URLVSg_AH10URLRequestVAH4DataVtF",
            "mangledName": "$s15NotificationSdk10ApiManagerC23printRequestAndResponse3url7request4datay10Foundation3URLVSg_AH10URLRequestVAH4DataVtF",
            "moduleName": "NotificationSdk",
            "isOpen": true,
            "funcSelfKind": "NonMutating"
          },
          {
            "kind": "Function",
            "name": "apiCall",
            "printedName": "apiCall(url:params:)",
            "children": [
              {
                "kind": "TypeNominal",
                "name": "Tuple",
                "printedName": "(NotificationSdk.DataModel?, Swift.String)",
                "children": [
                  {
                    "kind": "TypeNominal",
                    "name": "Optional",
                    "printedName": "NotificationSdk.DataModel?",
                    "children": [
                      {
                        "kind": "TypeNominal",
                        "name": "DataModel",
                        "printedName": "NotificationSdk.DataModel",
                        "usr": "s:15NotificationSdk9DataModelV"
                      }
                    ],
                    "usr": "s:Sq"
                  },
                  {
                    "kind": "TypeNominal",
                    "name": "String",
                    "printedName": "Swift.String",
                    "usr": "s:SS"
                  }
                ]
              },
              {
                "kind": "TypeNominal",
                "name": "String",
                "printedName": "Swift.String",
                "usr": "s:SS"
              },
              {
                "kind": "TypeNominal",
                "name": "Dictionary",
                "printedName": "[Swift.String : Any]",
                "children": [
                  {
                    "kind": "TypeNominal",
                    "name": "String",
                    "printedName": "Swift.String",
                    "usr": "s:SS"
                  },
                  {
                    "kind": "TypeNominal",
                    "name": "ProtocolComposition",
                    "printedName": "Any"
                  }
                ],
                "usr": "s:SD"
              }
            ],
            "declKind": "Func",
            "usr": "s:15NotificationSdk10ApiManagerC7apiCall3url6paramsAA9DataModelVSg_SStSS_SDySSypGtYaKF",
            "mangledName": "$s15NotificationSdk10ApiManagerC7apiCall3url6paramsAA9DataModelVSg_SStSS_SDySSypGtYaKF",
            "moduleName": "NotificationSdk",
            "isOpen": true,
            "throwing": true,
            "funcSelfKind": "NonMutating"
          },
          {
            "kind": "Constructor",
            "name": "init",
            "printedName": "init()",
            "children": [
              {
                "kind": "TypeNominal",
                "name": "ApiManager",
                "printedName": "NotificationSdk.ApiManager",
                "usr": "s:15NotificationSdk10ApiManagerC"
              }
            ],
            "declKind": "Constructor",
            "usr": "s:15NotificationSdk10ApiManagerCACycfc",
            "mangledName": "$s15NotificationSdk10ApiManagerCACycfc",
            "moduleName": "NotificationSdk",
            "implicit": true,
            "init_kind": "Designated"
          }
        ],
        "declKind": "Class",
        "usr": "s:15NotificationSdk10ApiManagerC",
        "mangledName": "$s15NotificationSdk10ApiManagerC",
        "moduleName": "NotificationSdk",
        "isOpen": true,
        "conformances": [
          {
            "kind": "Conformance",
            "name": "Copyable",
            "printedName": "Copyable",
            "usr": "s:s8CopyableP",
            "mangledName": "$ss8CopyableP"
          },
          {
            "kind": "Conformance",
            "name": "Escapable",
            "printedName": "Escapable",
            "usr": "s:s9EscapableP",
            "mangledName": "$ss9EscapableP"
          }
        ]
      },
      {
        "kind": "Import",
        "name": "Foundation",
        "printedName": "Foundation",
        "declKind": "Import",
        "moduleName": "NotificationSdk",
        "declAttributes": [
          "RawDocComment"
        ]
      },
      {
        "kind": "TypeDecl",
        "name": "DataModel",
        "printedName": "DataModel",
        "children": [
          {
            "kind": "Var",
            "name": "code",
            "printedName": "code",
            "children": [
              {
                "kind": "TypeNominal",
                "name": "Optional",
                "printedName": "Swift.Int?",
                "children": [
                  {
                    "kind": "TypeNominal",
                    "name": "Int",
                    "printedName": "Swift.Int",
                    "usr": "s:Si"
                  }
                ],
                "usr": "s:Sq"
              }
            ],
            "declKind": "Var",
            "usr": "s:15NotificationSdk9DataModelV4codeSiSgvp",
            "mangledName": "$s15NotificationSdk9DataModelV4codeSiSgvp",
            "moduleName": "NotificationSdk",
            "declAttributes": [
              "HasStorage"
            ],
            "fixedbinaryorder": 0,
            "isLet": true,
            "hasStorage": true,
            "accessors": [
              {
                "kind": "Accessor",
                "name": "Get",
                "printedName": "Get()",
                "children": [
                  {
                    "kind": "TypeNominal",
                    "name": "Optional",
                    "printedName": "Swift.Int?",
                    "children": [
                      {
                        "kind": "TypeNominal",
                        "name": "Int",
                        "printedName": "Swift.Int",
                        "usr": "s:Si"
                      }
                    ],
                    "usr": "s:Sq"
                  }
                ],
                "declKind": "Accessor",
                "usr": "s:15NotificationSdk9DataModelV4codeSiSgvg",
                "mangledName": "$s15NotificationSdk9DataModelV4codeSiSgvg",
                "moduleName": "NotificationSdk",
                "implicit": true,
                "declAttributes": [
                  "Transparent"
                ],
                "accessorKind": "get"
              }
            ]
          },
          {
            "kind": "Var",
            "name": "message",
            "printedName": "message",
            "children": [
              {
                "kind": "TypeNominal",
                "name": "Optional",
                "printedName": "Swift.String?",
                "children": [
                  {
                    "kind": "TypeNominal",
                    "name": "String",
                    "printedName": "Swift.String",
                    "usr": "s:SS"
                  }
                ],
                "usr": "s:Sq"
              }
            ],
            "declKind": "Var",
            "usr": "s:15NotificationSdk9DataModelV7messageSSSgvp",
            "mangledName": "$s15NotificationSdk9DataModelV7messageSSSgvp",
            "moduleName": "NotificationSdk",
            "declAttributes": [
              "HasStorage"
            ],
            "fixedbinaryorder": 1,
            "isLet": true,
            "hasStorage": true,
            "accessors": [
              {
                "kind": "Accessor",
                "name": "Get",
                "printedName": "Get()",
                "children": [
                  {
                    "kind": "TypeNominal",
                    "name": "Optional",
                    "printedName": "Swift.String?",
                    "children": [
                      {
                        "kind": "TypeNominal",
                        "name": "String",
                        "printedName": "Swift.String",
                        "usr": "s:SS"
                      }
                    ],
                    "usr": "s:Sq"
                  }
                ],
                "declKind": "Accessor",
                "usr": "s:15NotificationSdk9DataModelV7messageSSSgvg",
                "mangledName": "$s15NotificationSdk9DataModelV7messageSSSgvg",
                "moduleName": "NotificationSdk",
                "implicit": true,
                "declAttributes": [
                  "Transparent"
                ],
                "accessorKind": "get"
              }
            ]
          },
          {
            "kind": "Var",
            "name": "status",
            "printedName": "status",
            "children": [
              {
                "kind": "TypeNominal",
                "name": "Optional",
                "printedName": "Swift.String?",
                "children": [
                  {
                    "kind": "TypeNominal",
                    "name": "String",
                    "printedName": "Swift.String",
                    "usr": "s:SS"
                  }
                ],
                "usr": "s:Sq"
              }
            ],
            "declKind": "Var",
            "usr": "s:15NotificationSdk9DataModelV6statusSSSgvp",
            "mangledName": "$s15NotificationSdk9DataModelV6statusSSSgvp",
            "moduleName": "NotificationSdk",
            "declAttributes": [
              "HasStorage"
            ],
            "fixedbinaryorder": 2,
            "isLet": true,
            "hasStorage": true,
            "accessors": [
              {
                "kind": "Accessor",
                "name": "Get",
                "printedName": "Get()",
                "children": [
                  {
                    "kind": "TypeNominal",
                    "name": "Optional",
                    "printedName": "Swift.String?",
                    "children": [
                      {
                        "kind": "TypeNominal",
                        "name": "String",
                        "printedName": "Swift.String",
                        "usr": "s:SS"
                      }
                    ],
                    "usr": "s:Sq"
                  }
                ],
                "declKind": "Accessor",
                "usr": "s:15NotificationSdk9DataModelV6statusSSSgvg",
                "mangledName": "$s15NotificationSdk9DataModelV6statusSSSgvg",
                "moduleName": "NotificationSdk",
                "implicit": true,
                "declAttributes": [
                  "Transparent"
                ],
                "accessorKind": "get"
              }
            ]
          },
          {
            "kind": "Var",
            "name": "data",
            "printedName": "data",
            "children": [
              {
                "kind": "TypeNominal",
                "name": "Optional",
                "printedName": "[Swift.String]?",
                "children": [
                  {
                    "kind": "TypeNominal",
                    "name": "Array",
                    "printedName": "[Swift.String]",
                    "children": [
                      {
                        "kind": "TypeNominal",
                        "name": "String",
                        "printedName": "Swift.String",
                        "usr": "s:SS"
                      }
                    ],
                    "usr": "s:Sa"
                  }
                ],
                "usr": "s:Sq"
              }
            ],
            "declKind": "Var",
            "usr": "s:15NotificationSdk9DataModelV4dataSaySSGSgvp",
            "mangledName": "$s15NotificationSdk9DataModelV4dataSaySSGSgvp",
            "moduleName": "NotificationSdk",
            "declAttributes": [
              "HasStorage"
            ],
            "fixedbinaryorder": 3,
            "isLet": true,
            "hasStorage": true,
            "accessors": [
              {
                "kind": "Accessor",
                "name": "Get",
                "printedName": "Get()",
                "children": [
                  {
                    "kind": "TypeNominal",
                    "name": "Optional",
                    "printedName": "[Swift.String]?",
                    "children": [
                      {
                        "kind": "TypeNominal",
                        "name": "Array",
                        "printedName": "[Swift.String]",
                        "children": [
                          {
                            "kind": "TypeNominal",
                            "name": "String",
                            "printedName": "Swift.String",
                            "usr": "s:SS"
                          }
                        ],
                        "usr": "s:Sa"
                      }
                    ],
                    "usr": "s:Sq"
                  }
                ],
                "declKind": "Accessor",
                "usr": "s:15NotificationSdk9DataModelV4dataSaySSGSgvg",
                "mangledName": "$s15NotificationSdk9DataModelV4dataSaySSGSgvg",
                "moduleName": "NotificationSdk",
                "implicit": true,
                "declAttributes": [
                  "Transparent"
                ],
                "accessorKind": "get"
              }
            ]
          },
          {
            "kind": "TypeDecl",
            "name": "CodingKeys",
            "printedName": "CodingKeys",
            "children": [
              {
                "kind": "Var",
                "name": "code",
                "printedName": "code",
                "children": [
                  {
                    "kind": "TypeFunc",
                    "name": "Function",
                    "printedName": "(NotificationSdk.DataModel.CodingKeys.Type) -> NotificationSdk.DataModel.CodingKeys",
                    "children": [
                      {
                        "kind": "TypeNominal",
                        "name": "CodingKeys",
                        "printedName": "NotificationSdk.DataModel.CodingKeys",
                        "usr": "s:15NotificationSdk9DataModelV10CodingKeysO"
                      },
                      {
                        "kind": "TypeNominal",
                        "name": "Metatype",
                        "printedName": "NotificationSdk.DataModel.CodingKeys.Type",
                        "children": [
                          {
                            "kind": "TypeNominal",
                            "name": "CodingKeys",
                            "printedName": "NotificationSdk.DataModel.CodingKeys",
                            "usr": "s:15NotificationSdk9DataModelV10CodingKeysO"
                          }
                        ]
                      }
                    ]
                  }
                ],
                "declKind": "EnumElement",
                "usr": "s:15NotificationSdk9DataModelV10CodingKeysO4codeyA2EmF",
                "mangledName": "$s15NotificationSdk9DataModelV10CodingKeysO4codeyA2EmF",
                "moduleName": "NotificationSdk",
                "fixedbinaryorder": 0
              },
              {
                "kind": "Var",
                "name": "message",
                "printedName": "message",
                "children": [
                  {
                    "kind": "TypeFunc",
                    "name": "Function",
                    "printedName": "(NotificationSdk.DataModel.CodingKeys.Type) -> NotificationSdk.DataModel.CodingKeys",
                    "children": [
                      {
                        "kind": "TypeNominal",
                        "name": "CodingKeys",
                        "printedName": "NotificationSdk.DataModel.CodingKeys",
                        "usr": "s:15NotificationSdk9DataModelV10CodingKeysO"
                      },
                      {
                        "kind": "TypeNominal",
                        "name": "Metatype",
                        "printedName": "NotificationSdk.DataModel.CodingKeys.Type",
                        "children": [
                          {
                            "kind": "TypeNominal",
                            "name": "CodingKeys",
                            "printedName": "NotificationSdk.DataModel.CodingKeys",
                            "usr": "s:15NotificationSdk9DataModelV10CodingKeysO"
                          }
                        ]
                      }
                    ]
                  }
                ],
                "declKind": "EnumElement",
                "usr": "s:15NotificationSdk9DataModelV10CodingKeysO7messageyA2EmF",
                "mangledName": "$s15NotificationSdk9DataModelV10CodingKeysO7messageyA2EmF",
                "moduleName": "NotificationSdk",
                "fixedbinaryorder": 1
              },
              {
                "kind": "Var",
                "name": "status",
                "printedName": "status",
                "children": [
                  {
                    "kind": "TypeFunc",
                    "name": "Function",
                    "printedName": "(NotificationSdk.DataModel.CodingKeys.Type) -> NotificationSdk.DataModel.CodingKeys",
                    "children": [
                      {
                        "kind": "TypeNominal",
                        "name": "CodingKeys",
                        "printedName": "NotificationSdk.DataModel.CodingKeys",
                        "usr": "s:15NotificationSdk9DataModelV10CodingKeysO"
                      },
                      {
                        "kind": "TypeNominal",
                        "name": "Metatype",
                        "printedName": "NotificationSdk.DataModel.CodingKeys.Type",
                        "children": [
                          {
                            "kind": "TypeNominal",
                            "name": "CodingKeys",
                            "printedName": "NotificationSdk.DataModel.CodingKeys",
                            "usr": "s:15NotificationSdk9DataModelV10CodingKeysO"
                          }
                        ]
                      }
                    ]
                  }
                ],
                "declKind": "EnumElement",
                "usr": "s:15NotificationSdk9DataModelV10CodingKeysO6statusyA2EmF",
                "mangledName": "$s15NotificationSdk9DataModelV10CodingKeysO6statusyA2EmF",
                "moduleName": "NotificationSdk",
                "fixedbinaryorder": 2
              },
              {
                "kind": "Var",
                "name": "data",
                "printedName": "data",
                "children": [
                  {
                    "kind": "TypeFunc",
                    "name": "Function",
                    "printedName": "(NotificationSdk.DataModel.CodingKeys.Type) -> NotificationSdk.DataModel.CodingKeys",
                    "children": [
                      {
                        "kind": "TypeNominal",
                        "name": "CodingKeys",
                        "printedName": "NotificationSdk.DataModel.CodingKeys",
                        "usr": "s:15NotificationSdk9DataModelV10CodingKeysO"
                      },
                      {
                        "kind": "TypeNominal",
                        "name": "Metatype",
                        "printedName": "NotificationSdk.DataModel.CodingKeys.Type",
                        "children": [
                          {
                            "kind": "TypeNominal",
                            "name": "CodingKeys",
                            "printedName": "NotificationSdk.DataModel.CodingKeys",
                            "usr": "s:15NotificationSdk9DataModelV10CodingKeysO"
                          }
                        ]
                      }
                    ]
                  }
                ],
                "declKind": "EnumElement",
                "usr": "s:15NotificationSdk9DataModelV10CodingKeysO4datayA2EmF",
                "mangledName": "$s15NotificationSdk9DataModelV10CodingKeysO4datayA2EmF",
                "moduleName": "NotificationSdk",
                "fixedbinaryorder": 3
              },
              {
                "kind": "Constructor",
                "name": "init",
                "printedName": "init(rawValue:)",
                "children": [
                  {
                    "kind": "TypeNominal",
                    "name": "Optional",
                    "printedName": "NotificationSdk.DataModel.CodingKeys?",
                    "children": [
                      {
                        "kind": "TypeNominal",
                        "name": "CodingKeys",
                        "printedName": "NotificationSdk.DataModel.CodingKeys",
                        "usr": "s:15NotificationSdk9DataModelV10CodingKeysO"
                      }
                    ],
                    "usr": "s:Sq"
                  },
                  {
                    "kind": "TypeNominal",
                    "name": "String",
                    "printedName": "Swift.String",
                    "usr": "s:SS"
                  }
                ],
                "declKind": "Constructor",
                "usr": "s:15NotificationSdk9DataModelV10CodingKeysO8rawValueAESgSS_tcfc",
                "mangledName": "$s15NotificationSdk9DataModelV10CodingKeysO8rawValueAESgSS_tcfc",
                "moduleName": "NotificationSdk",
                "implicit": true,
                "init_kind": "Designated"
              },
              {
                "kind": "Var",
                "name": "rawValue",
                "printedName": "rawValue",
                "children": [
                  {
                    "kind": "TypeNominal",
                    "name": "String",
                    "printedName": "Swift.String",
                    "usr": "s:SS"
                  }
                ],
                "declKind": "Var",
                "usr": "s:15NotificationSdk9DataModelV10CodingKeysO8rawValueSSvp",
                "mangledName": "$s15NotificationSdk9DataModelV10CodingKeysO8rawValueSSvp",
                "moduleName": "NotificationSdk",
                "implicit": true,
                "accessors": [
                  {
                    "kind": "Accessor",
                    "name": "Get",
                    "printedName": "Get()",
                    "children": [
                      {
                        "kind": "TypeNominal",
                        "name": "String",
                        "printedName": "Swift.String",
                        "usr": "s:SS"
                      }
                    ],
                    "declKind": "Accessor",
                    "usr": "s:15NotificationSdk9DataModelV10CodingKeysO8rawValueSSvg",
                    "mangledName": "$s15NotificationSdk9DataModelV10CodingKeysO8rawValueSSvg",
                    "moduleName": "NotificationSdk",
                    "implicit": true,
                    "accessorKind": "get"
                  }
                ]
              },
              {
                "kind": "Var",
                "name": "stringValue",
                "printedName": "stringValue",
                "children": [
                  {
                    "kind": "TypeNominal",
                    "name": "String",
                    "printedName": "Swift.String",
                    "usr": "s:SS"
                  }
                ],
                "declKind": "Var",
                "usr": "s:15NotificationSdk9DataModelV10CodingKeysO11stringValueSSvp",
                "mangledName": "$s15NotificationSdk9DataModelV10CodingKeysO11stringValueSSvp",
                "moduleName": "NotificationSdk",
                "implicit": true,
                "accessors": [
                  {
                    "kind": "Accessor",
                    "name": "Get",
                    "printedName": "Get()",
                    "children": [
                      {
                        "kind": "TypeNominal",
                        "name": "String",
                        "printedName": "Swift.String",
                        "usr": "s:SS"
                      }
                    ],
                    "declKind": "Accessor",
                    "usr": "s:15NotificationSdk9DataModelV10CodingKeysO11stringValueSSvg",
                    "mangledName": "$s15NotificationSdk9DataModelV10CodingKeysO11stringValueSSvg",
                    "moduleName": "NotificationSdk",
                    "implicit": true,
                    "accessorKind": "get"
                  }
                ]
              },
              {
                "kind": "Constructor",
                "name": "init",
                "printedName": "init(stringValue:)",
                "children": [
                  {
                    "kind": "TypeNominal",
                    "name": "Optional",
                    "printedName": "NotificationSdk.DataModel.CodingKeys?",
                    "children": [
                      {
                        "kind": "TypeNominal",
                        "name": "CodingKeys",
                        "printedName": "NotificationSdk.DataModel.CodingKeys",
                        "usr": "s:15NotificationSdk9DataModelV10CodingKeysO"
                      }
                    ],
                    "usr": "s:Sq"
                  },
                  {
                    "kind": "TypeNominal",
                    "name": "String",
                    "printedName": "Swift.String",
                    "usr": "s:SS"
                  }
                ],
                "declKind": "Constructor",
                "usr": "s:15NotificationSdk9DataModelV10CodingKeysO11stringValueAESgSS_tcfc",
                "mangledName": "$s15NotificationSdk9DataModelV10CodingKeysO11stringValueAESgSS_tcfc",
                "moduleName": "NotificationSdk",
                "implicit": true,
                "init_kind": "Designated"
              },
              {
                "kind": "Var",
                "name": "intValue",
                "printedName": "intValue",
                "children": [
                  {
                    "kind": "TypeNominal",
                    "name": "Optional",
                    "printedName": "Swift.Int?",
                    "children": [
                      {
                        "kind": "TypeNominal",
                        "name": "Int",
                        "printedName": "Swift.Int",
                        "usr": "s:Si"
                      }
                    ],
                    "usr": "s:Sq"
                  }
                ],
                "declKind": "Var",
                "usr": "s:15NotificationSdk9DataModelV10CodingKeysO8intValueSiSgvp",
                "mangledName": "$s15NotificationSdk9DataModelV10CodingKeysO8intValueSiSgvp",
                "moduleName": "NotificationSdk",
                "implicit": true,
                "accessors": [
                  {
                    "kind": "Accessor",
                    "name": "Get",
                    "printedName": "Get()",
                    "children": [
                      {
                        "kind": "TypeNominal",
                        "name": "Optional",
                        "printedName": "Swift.Int?",
                        "children": [
                          {
                            "kind": "TypeNominal",
                            "name": "Int",
                            "printedName": "Swift.Int",
                            "usr": "s:Si"
                          }
                        ],
                        "usr": "s:Sq"
                      }
                    ],
                    "declKind": "Accessor",
                    "usr": "s:15NotificationSdk9DataModelV10CodingKeysO8intValueSiSgvg",
                    "mangledName": "$s15NotificationSdk9DataModelV10CodingKeysO8intValueSiSgvg",
                    "moduleName": "NotificationSdk",
                    "implicit": true,
                    "accessorKind": "get"
                  }
                ]
              },
              {
                "kind": "Constructor",
                "name": "init",
                "printedName": "init(intValue:)",
                "children": [
                  {
                    "kind": "TypeNominal",
                    "name": "Optional",
                    "printedName": "NotificationSdk.DataModel.CodingKeys?",
                    "children": [
                      {
                        "kind": "TypeNominal",
                        "name": "CodingKeys",
                        "printedName": "NotificationSdk.DataModel.CodingKeys",
                        "usr": "s:15NotificationSdk9DataModelV10CodingKeysO"
                      }
                    ],
                    "usr": "s:Sq"
                  },
                  {
                    "kind": "TypeNominal",
                    "name": "Int",
                    "printedName": "Swift.Int",
                    "usr": "s:Si"
                  }
                ],
                "declKind": "Constructor",
                "usr": "s:15NotificationSdk9DataModelV10CodingKeysO8intValueAESgSi_tcfc",
                "mangledName": "$s15NotificationSdk9DataModelV10CodingKeysO8intValueAESgSi_tcfc",
                "moduleName": "NotificationSdk",
                "implicit": true,
                "init_kind": "Designated"
              }
            ],
            "declKind": "Enum",
            "usr": "s:15NotificationSdk9DataModelV10CodingKeysO",
            "mangledName": "$s15NotificationSdk9DataModelV10CodingKeysO",
            "moduleName": "NotificationSdk",
            "enumRawTypeName": "String",
            "isEnumExhaustive": true,
            "conformances": [
              {
                "kind": "Conformance",
                "name": "Copyable",
                "printedName": "Copyable",
                "usr": "s:s8CopyableP",
                "mangledName": "$ss8CopyableP"
              },
              {
                "kind": "Conformance",
                "name": "Escapable",
                "printedName": "Escapable",
                "usr": "s:s9EscapableP",
                "mangledName": "$ss9EscapableP"
              },
              {
                "kind": "Conformance",
                "name": "Equatable",
                "printedName": "Equatable",
                "usr": "s:SQ",
                "mangledName": "$sSQ"
              },
              {
                "kind": "Conformance",
                "name": "Hashable",
                "printedName": "Hashable",
                "usr": "s:SH",
                "mangledName": "$sSH"
              },
              {
                "kind": "Conformance",
                "name": "RawRepresentable",
                "printedName": "RawRepresentable",
                "children": [
                  {
                    "kind": "TypeWitness",
                    "name": "RawValue",
                    "printedName": "RawValue",
                    "children": [
                      {
                        "kind": "TypeNominal",
                        "name": "String",
                        "printedName": "Swift.String",
                        "usr": "s:SS"
                      }
                    ]
                  }
                ],
                "usr": "s:SY",
                "mangledName": "$sSY"
              },
              {
                "kind": "Conformance",
                "name": "CodingKey",
                "printedName": "CodingKey",
                "usr": "s:s9CodingKeyP",
                "mangledName": "$ss9CodingKeyP"
              },
              {
                "kind": "Conformance",
                "name": "CustomDebugStringConvertible",
                "printedName": "CustomDebugStringConvertible",
                "usr": "s:s28CustomDebugStringConvertibleP",
                "mangledName": "$ss28CustomDebugStringConvertibleP"
              },
              {
                "kind": "Conformance",
                "name": "CustomStringConvertible",
                "printedName": "CustomStringConvertible",
                "usr": "s:s23CustomStringConvertibleP",
                "mangledName": "$ss23CustomStringConvertibleP"
              },
              {
                "kind": "Conformance",
                "name": "Sendable",
                "printedName": "Sendable",
                "usr": "s:s8SendableP",
                "mangledName": "$ss8SendableP"
              },
              {
                "kind": "Conformance",
                "name": "BitwiseCopyable",
                "printedName": "BitwiseCopyable",
                "usr": "s:s15BitwiseCopyableP",
                "mangledName": "$ss15BitwiseCopyableP"
              }
            ]
          },
          {
            "kind": "Constructor",
            "name": "init",
            "printedName": "init(from:)",
            "children": [
              {
                "kind": "TypeNominal",
                "name": "DataModel",
                "printedName": "NotificationSdk.DataModel",
                "usr": "s:15NotificationSdk9DataModelV"
              },
              {
                "kind": "TypeNominal",
                "name": "Decoder",
                "printedName": "any Swift.Decoder",
                "usr": "s:s7DecoderP"
              }
            ],
            "declKind": "Constructor",
            "usr": "s:15NotificationSdk9DataModelV4fromACs7Decoder_p_tKcfc",
            "mangledName": "$s15NotificationSdk9DataModelV4fromACs7Decoder_p_tKcfc",
            "moduleName": "NotificationSdk",
            "throwing": true,
            "init_kind": "Designated"
          },
          {
            "kind": "Function",
            "name": "encode",
            "printedName": "encode(to:)",
            "children": [
              {
                "kind": "TypeNominal",
                "name": "Void",
                "printedName": "()"
              },
              {
                "kind": "TypeNominal",
                "name": "Encoder",
                "printedName": "any Swift.Encoder",
                "usr": "s:s7EncoderP"
              }
            ],
            "declKind": "Func",
            "usr": "s:15NotificationSdk9DataModelV6encode2toys7Encoder_p_tKF",
            "mangledName": "$s15NotificationSdk9DataModelV6encode2toys7Encoder_p_tKF",
            "moduleName": "NotificationSdk",
            "implicit": true,
            "throwing": true,
            "funcSelfKind": "NonMutating"
          }
        ],
        "declKind": "Struct",
        "usr": "s:15NotificationSdk9DataModelV",
        "mangledName": "$s15NotificationSdk9DataModelV",
        "moduleName": "NotificationSdk",
        "conformances": [
          {
            "kind": "Conformance",
            "name": "Copyable",
            "printedName": "Copyable",
            "usr": "s:s8CopyableP",
            "mangledName": "$ss8CopyableP"
          },
          {
            "kind": "Conformance",
            "name": "Escapable",
            "printedName": "Escapable",
            "usr": "s:s9EscapableP",
            "mangledName": "$ss9EscapableP"
          },
          {
            "kind": "Conformance",
            "name": "Decodable",
            "printedName": "Decodable",
            "usr": "s:Se",
            "mangledName": "$sSe"
          },
          {
            "kind": "Conformance",
            "name": "Encodable",
            "printedName": "Encodable",
            "usr": "s:SE",
            "mangledName": "$sSE"
          },
          {
            "kind": "Conformance",
            "name": "Sendable",
            "printedName": "Sendable",
            "usr": "s:s8SendableP",
            "mangledName": "$ss8SendableP"
          }
        ]
      },
      {
        "kind": "Import",
        "name": "UIKit",
        "printedName": "UIKit",
        "declKind": "Import",
        "moduleName": "NotificationSdk",
        "declAttributes": [
          "RawDocComment"
        ]
      },
      {
        "kind": "TypeDecl",
        "name": "NotificationManager",
        "printedName": "NotificationManager",
        "children": [
          {
            "kind": "Function",
            "name": "customerStoreUpdate",
            "printedName": "customerStoreUpdate(deviceID:fcmToken:)",
            "children": [
              {
                "kind": "TypeNominal",
                "name": "Tuple",
                "printedName": "(NotificationSdk.DataModel?, Swift.String)",
                "children": [
                  {
                    "kind": "TypeNominal",
                    "name": "Optional",
                    "printedName": "NotificationSdk.DataModel?",
                    "children": [
                      {
                        "kind": "TypeNominal",
                        "name": "DataModel",
                        "printedName": "NotificationSdk.DataModel",
                        "usr": "s:15NotificationSdk9DataModelV"
                      }
                    ],
                    "usr": "s:Sq"
                  },
                  {
                    "kind": "TypeNominal",
                    "name": "String",
                    "printedName": "Swift.String",
                    "usr": "s:SS"
                  }
                ]
              },
              {
                "kind": "TypeNominal",
                "name": "String",
                "printedName": "Swift.String",
                "usr": "s:SS"
              },
              {
                "kind": "TypeNominal",
                "name": "String",
                "printedName": "Swift.String",
                "usr": "s:SS"
              }
            ],
            "declKind": "Func",
            "usr": "s:15NotificationSdk0A7ManagerC19customerStoreUpdate8deviceID8fcmTokenAA9DataModelVSg_SStSS_SStYaKF",
            "mangledName": "$s15NotificationSdk0A7ManagerC19customerStoreUpdate8deviceID8fcmTokenAA9DataModelVSg_SStSS_SStYaKF",
            "moduleName": "NotificationSdk",
            "isOpen": true,
            "throwing": true,
            "funcSelfKind": "NonMutating"
          },
          {
            "kind": "Function",
            "name": "queueNotification",
            "printedName": "queueNotification(deviceID:fcmToken:)",
            "children": [
              {
                "kind": "TypeNominal",
                "name": "Tuple",
                "printedName": "(NotificationSdk.DataModel?, Swift.String)",
                "children": [
                  {
                    "kind": "TypeNominal",
                    "name": "Optional",
                    "printedName": "NotificationSdk.DataModel?",
                    "children": [
                      {
                        "kind": "TypeNominal",
                        "name": "DataModel",
                        "printedName": "NotificationSdk.DataModel",
                        "usr": "s:15NotificationSdk9DataModelV"
                      }
                    ],
                    "usr": "s:Sq"
                  },
                  {
                    "kind": "TypeNominal",
                    "name": "String",
                    "printedName": "Swift.String",
                    "usr": "s:SS"
                  }
                ]
              },
              {
                "kind": "TypeNominal",
                "name": "String",
                "printedName": "Swift.String",
                "usr": "s:SS"
              },
              {
                "kind": "TypeNominal",
                "name": "String",
                "printedName": "Swift.String",
                "usr": "s:SS"
              }
            ],
            "declKind": "Func",
            "usr": "s:15NotificationSdk0A7ManagerC05queueA08deviceID8fcmTokenAA9DataModelVSg_SStSS_SStYaKF",
            "mangledName": "$s15NotificationSdk0A7ManagerC05queueA08deviceID8fcmTokenAA9DataModelVSg_SStSS_SStYaKF",
            "moduleName": "NotificationSdk",
            "isOpen": true,
            "throwing": true,
            "funcSelfKind": "NonMutating"
          },
          {
            "kind": "Function",
            "name": "notificationReceived",
            "printedName": "notificationReceived(notificationID:type:)",
            "children": [
              {
                "kind": "TypeNominal",
                "name": "Tuple",
                "printedName": "(NotificationSdk.DataModel?, Swift.String)",
                "children": [
                  {
                    "kind": "TypeNominal",
                    "name": "Optional",
                    "printedName": "NotificationSdk.DataModel?",
                    "children": [
                      {
                        "kind": "TypeNominal",
                        "name": "DataModel",
                        "printedName": "NotificationSdk.DataModel",
                        "usr": "s:15NotificationSdk9DataModelV"
                      }
                    ],
                    "usr": "s:Sq"
                  },
                  {
                    "kind": "TypeNominal",
                    "name": "String",
                    "printedName": "Swift.String",
                    "usr": "s:SS"
                  }
                ]
              },
              {
                "kind": "TypeNominal",
                "name": "String",
                "printedName": "Swift.String",
                "usr": "s:SS"
              },
              {
                "kind": "TypeNominal",
                "name": "String",
                "printedName": "Swift.String",
                "usr": "s:SS"
              }
            ],
            "declKind": "Func",
            "usr": "s:15NotificationSdk0A7ManagerC20notificationReceived0D2ID4typeAA9DataModelVSg_SStSS_SStYaKF",
            "mangledName": "$s15NotificationSdk0A7ManagerC20notificationReceived0D2ID4typeAA9DataModelVSg_SStSS_SStYaKF",
            "moduleName": "NotificationSdk",
            "isOpen": true,
            "throwing": true,
            "funcSelfKind": "NonMutating"
          },
          {
            "kind": "Constructor",
            "name": "init",
            "printedName": "init()",
            "children": [
              {
                "kind": "TypeNominal",
                "name": "NotificationManager",
                "printedName": "NotificationSdk.NotificationManager",
                "usr": "s:15NotificationSdk0A7ManagerC"
              }
            ],
            "declKind": "Constructor",
            "usr": "s:15NotificationSdk0A7ManagerCACycfc",
            "mangledName": "$s15NotificationSdk0A7ManagerCACycfc",
            "moduleName": "NotificationSdk",
            "implicit": true,
            "init_kind": "Designated"
          }
        ],
        "declKind": "Class",
        "usr": "s:15NotificationSdk0A7ManagerC",
        "mangledName": "$s15NotificationSdk0A7ManagerC",
        "moduleName": "NotificationSdk",
        "isOpen": true,
        "conformances": [
          {
            "kind": "Conformance",
            "name": "Copyable",
            "printedName": "Copyable",
            "usr": "s:s8CopyableP",
            "mangledName": "$ss8CopyableP"
          },
          {
            "kind": "Conformance",
            "name": "Escapable",
            "printedName": "Escapable",
            "usr": "s:s9EscapableP",
            "mangledName": "$ss9EscapableP"
          }
        ]
      },
      {
        "kind": "TypeDecl",
        "name": "Dictionary",
        "printedName": "Dictionary",
        "children": [
          {
            "kind": "Function",
            "name": "toJsonObject",
            "printedName": "toJsonObject()",
            "children": [
              {
                "kind": "TypeNominal",
                "name": "Data",
                "printedName": "Foundation.Data",
                "usr": "s:10Foundation4DataV"
              }
            ],
            "declKind": "Func",
            "usr": "s:SD15NotificationSdkE12toJsonObject10Foundation4DataVyF",
            "mangledName": "$sSD15NotificationSdkE12toJsonObject10Foundation4DataVyF",
            "moduleName": "NotificationSdk",
            "genericSig": "<τ_0_0, τ_0_1 where τ_0_0 : Swift.Hashable>",
            "sugared_genericSig": "<Key, Value where Key : Swift.Hashable>",
            "isFromExtension": true,
            "funcSelfKind": "NonMutating"
          }
        ],
        "declKind": "Struct",
        "usr": "s:SD",
        "mangledName": "$sSD",
        "moduleName": "Swift",
        "genericSig": "<τ_0_0, τ_0_1 where τ_0_0 : Swift.Hashable>",
        "sugared_genericSig": "<Key, Value where Key : Swift.Hashable>",
        "declAttributes": [
          "EagerMove",
          "Frozen"
        ],
        "isExternal": true,
        "conformances": [
          {
            "kind": "Conformance",
            "name": "Copyable",
            "printedName": "Copyable",
            "usr": "s:s8CopyableP",
            "mangledName": "$ss8CopyableP"
          },
          {
            "kind": "Conformance",
            "name": "Escapable",
            "printedName": "Escapable",
            "usr": "s:s9EscapableP",
            "mangledName": "$ss9EscapableP"
          },
          {
            "kind": "Conformance",
            "name": "Encodable",
            "printedName": "Encodable",
            "usr": "s:SE",
            "mangledName": "$sSE"
          },
          {
            "kind": "Conformance",
            "name": "Decodable",
            "printedName": "Decodable",
            "usr": "s:Se",
            "mangledName": "$sSe"
          },
          {
            "kind": "Conformance",
            "name": "Sequence",
            "printedName": "Sequence",
            "children": [
              {
                "kind": "TypeWitness",
                "name": "Element",
                "printedName": "Element",
                "children": [
                  {
                    "kind": "TypeNominal",
                    "name": "Tuple",
                    "printedName": "(key: τ_0_0, value: τ_0_1)",
                    "children": [
                      {
                        "kind": "TypeNominal",
                        "name": "GenericTypeParam",
                        "printedName": "τ_0_0"
                      },
                      {
                        "kind": "TypeNominal",
                        "name": "GenericTypeParam",
                        "printedName": "τ_0_1"
                      }
                    ]
                  }
                ]
              },
              {
                "kind": "TypeWitness",
                "name": "Iterator",
                "printedName": "Iterator",
                "children": [
                  {
                    "kind": "TypeNominal",
                    "name": "Iterator",
                    "printedName": "Swift.Dictionary<τ_0_0, τ_0_1>.Iterator",
                    "usr": "s:SD8IteratorV"
                  }
                ]
              }
            ],
            "usr": "s:ST",
            "mangledName": "$sST"
          },
          {
            "kind": "Conformance",
            "name": "Collection",
            "printedName": "Collection",
            "children": [
              {
                "kind": "TypeWitness",
                "name": "Element",
                "printedName": "Element",
                "children": [
                  {
                    "kind": "TypeNominal",
                    "name": "Tuple",
                    "printedName": "(key: τ_0_0, value: τ_0_1)",
                    "children": [
                      {
                        "kind": "TypeNominal",
                        "name": "GenericTypeParam",
                        "printedName": "τ_0_0"
                      },
                      {
                        "kind": "TypeNominal",
                        "name": "GenericTypeParam",
                        "printedName": "τ_0_1"
                      }
                    ]
                  }
                ]
              },
              {
                "kind": "TypeWitness",
                "name": "Index",
                "printedName": "Index",
                "children": [
                  {
                    "kind": "TypeNominal",
                    "name": "Index",
                    "printedName": "Swift.Dictionary<τ_0_0, τ_0_1>.Index",
                    "usr": "s:SD5IndexV"
                  }
                ]
              },
              {
                "kind": "TypeWitness",
                "name": "Iterator",
                "printedName": "Iterator",
                "children": [
                  {
                    "kind": "TypeNominal",
                    "name": "Iterator",
                    "printedName": "Swift.Dictionary<τ_0_0, τ_0_1>.Iterator",
                    "usr": "s:SD8IteratorV"
                  }
                ]
              },
              {
                "kind": "TypeWitness",
                "name": "SubSequence",
                "printedName": "SubSequence",
                "children": [
                  {
                    "kind": "TypeNominal",
                    "name": "Slice",
                    "printedName": "Swift.Slice<[τ_0_0 : τ_0_1]>",
                    "children": [
                      {
                        "kind": "TypeNominal",
                        "name": "Dictionary",
                        "printedName": "[τ_0_0 : τ_0_1]",
                        "children": [
                          {
                            "kind": "TypeNominal",
                            "name": "GenericTypeParam",
                            "printedName": "τ_0_0"
                          },
                          {
                            "kind": "TypeNominal",
                            "name": "GenericTypeParam",
                            "printedName": "τ_0_1"
                          }
                        ],
                        "usr": "s:SD"
                      }
                    ],
                    "usr": "s:s5SliceV"
                  }
                ]
              },
              {
                "kind": "TypeWitness",
                "name": "Indices",
                "printedName": "Indices",
                "children": [
                  {
                    "kind": "TypeNominal",
                    "name": "DefaultIndices",
                    "printedName": "Swift.DefaultIndices<[τ_0_0 : τ_0_1]>",
                    "children": [
                      {
                        "kind": "TypeNominal",
                        "name": "Dictionary",
                        "printedName": "[τ_0_0 : τ_0_1]",
                        "children": [
                          {
                            "kind": "TypeNominal",
                            "name": "GenericTypeParam",
                            "printedName": "τ_0_0"
                          },
                          {
                            "kind": "TypeNominal",
                            "name": "GenericTypeParam",
                            "printedName": "τ_0_1"
                          }
                        ],
                        "usr": "s:SD"
                      }
                    ],
                    "usr": "s:SI"
                  }
                ]
              }
            ],
            "usr": "s:Sl",
            "mangledName": "$sSl"
          },
          {
            "kind": "Conformance",
            "name": "ExpressibleByDictionaryLiteral",
            "printedName": "ExpressibleByDictionaryLiteral",
            "children": [
              {
                "kind": "TypeWitness",
                "name": "Key",
                "printedName": "Key",
                "children": [
                  {
                    "kind": "TypeNominal",
                    "name": "GenericTypeParam",
                    "printedName": "τ_0_0"
                  }
                ]
              },
              {
                "kind": "TypeWitness",
                "name": "Value",
                "printedName": "Value",
                "children": [
                  {
                    "kind": "TypeNominal",
                    "name": "GenericTypeParam",
                    "printedName": "τ_0_1"
                  }
                ]
              }
            ],
            "usr": "s:s30ExpressibleByDictionaryLiteralP",
            "mangledName": "$ss30ExpressibleByDictionaryLiteralP"
          },
          {
            "kind": "Conformance",
            "name": "Equatable",
            "printedName": "Equatable",
            "usr": "s:SQ",
            "mangledName": "$sSQ"
          },
          {
            "kind": "Conformance",
            "name": "Hashable",
            "printedName": "Hashable",
            "usr": "s:SH",
            "mangledName": "$sSH"
          },
          {
            "kind": "Conformance",
            "name": "_HasCustomAnyHashableRepresentation",
            "printedName": "_HasCustomAnyHashableRepresentation",
            "usr": "s:s35_HasCustomAnyHashableRepresentationP",
            "mangledName": "$ss35_HasCustomAnyHashableRepresentationP"
          },
          {
            "kind": "Conformance",
            "name": "CustomStringConvertible",
            "printedName": "CustomStringConvertible",
            "usr": "s:s23CustomStringConvertibleP",
            "mangledName": "$ss23CustomStringConvertibleP"
          },
          {
            "kind": "Conformance",
            "name": "CustomDebugStringConvertible",
            "printedName": "CustomDebugStringConvertible",
            "usr": "s:s28CustomDebugStringConvertibleP",
            "mangledName": "$ss28CustomDebugStringConvertibleP"
          },
          {
            "kind": "Conformance",
            "name": "CustomReflectable",
            "printedName": "CustomReflectable",
            "usr": "s:s17CustomReflectableP",
            "mangledName": "$ss17CustomReflectableP"
          },
          {
            "kind": "Conformance",
            "name": "Sendable",
            "printedName": "Sendable",
            "usr": "s:s8SendableP",
            "mangledName": "$ss8SendableP"
          },
          {
            "kind": "Conformance",
            "name": "_ObjectiveCBridgeable",
            "printedName": "_ObjectiveCBridgeable",
            "children": [
              {
                "kind": "TypeWitness",
                "name": "_ObjectiveCType",
                "printedName": "_ObjectiveCType",
                "children": [
                  {
                    "kind": "TypeNominal",
                    "name": "NSDictionary",
                    "printedName": "Foundation.NSDictionary",
                    "usr": "c:objc(cs)NSDictionary"
                  }
                ]
              }
            ],
            "usr": "s:s21_ObjectiveCBridgeableP",
            "mangledName": "$ss21_ObjectiveCBridgeableP"
          },
          {
            "kind": "Conformance",
            "name": "CVarArg",
            "printedName": "CVarArg",
            "usr": "s:s7CVarArgP",
            "mangledName": "$ss7CVarArgP"
          }
        ]
      }
    ],
    "json_format_version": 8
  },
  "ConstValues": [
    {
      "filePath": "\/Users\/hammad\/Documents\/Hammad\/Projects\/NotificationSdk\/ApiManager.swift",
      "kind": "StringLiteral",
      "offset": 162,
      "length": 60,
      "value": "\"https:\/\/m3crm.m3tech.com.pk:442\/Push-Notification-SMS\/api\/\""
    },
    {
      "filePath": "\/Users\/hammad\/Documents\/Hammad\/Projects\/NotificationSdk\/ApiManager.swift",
      "kind": "StringLiteral",
      "offset": 258,
      "length": 23,
      "value": "\"customer-store-update\""
    },
    {
      "filePath": "\/Users\/hammad\/Documents\/Hammad\/Projects\/NotificationSdk\/ApiManager.swift",
      "kind": "StringLiteral",
      "offset": 315,
      "length": 26,
      "value": "\"queue-notification-store\""
    },
    {
      "filePath": "\/Users\/hammad\/Documents\/Hammad\/Projects\/NotificationSdk\/ApiManager.swift",
      "kind": "StringLiteral",
      "offset": 373,
      "length": 22,
      "value": "\"notification-recived\""
    },
    {
      "filePath": "\/Users\/hammad\/Documents\/Hammad\/Projects\/NotificationSdk\/DataModel.swift",
      "kind": "StringLiteral",
      "offset": 294,
      "length": 6,
      "value": "\"code\""
    },
    {
      "filePath": "\/Users\/hammad\/Documents\/Hammad\/Projects\/NotificationSdk\/DataModel.swift",
      "kind": "StringLiteral",
      "offset": 324,
      "length": 9,
      "value": "\"message\""
    },
    {
      "filePath": "\/Users\/hammad\/Documents\/Hammad\/Projects\/NotificationSdk\/DataModel.swift",
      "kind": "StringLiteral",
      "offset": 356,
      "length": 8,
      "value": "\"status\""
    },
    {
      "filePath": "\/Users\/hammad\/Documents\/Hammad\/Projects\/NotificationSdk\/DataModel.swift",
      "kind": "StringLiteral",
      "offset": 385,
      "length": 6,
      "value": "\"data\""
    }
  ]
}